pitcher_id,candidate_trackman_id,pitcher_trackman_id,match_score,second_score,match_margin,candidate_rank,mutual_best,main_pitch_count,trackman_pitch_count,accepted,confidence,decision_reason
20700,99445.0,99445.0,0.92373246,0.07988598,0.84384644,1,1,959,920,1,high,accepted
20938,70425.0,70425.0,0.88718516,0.12009993,0.7670852,1,1,638,660,1,high,accepted
21095,71118.0,71118.0,0.7107258,0.104915336,0.6058104,1,1,263,256,1,high,accepted
21170,71837.0,71837.0,1.0,0.19926405,0.80073595,1,1,20,20,1,high,accepted
21178,71845.0,71845.0,0.6081671,0.08074266,0.52742445,1,1,165,235,1,high,accepted
21279,72447.0,72447.0,0.8710903,0.064683825,0.8064065,1,1,802,939,1,high,accepted
21372,72523.0,72523.0,0.8801124,0.06517052,0.8149419,1,1,4455,4852,1,high,accepted
21402,73117.0,73117.0,0.94302523,0.081295066,0.86173016,1,1,4732,4432,1,high,accepted
21414,73738.0,73738.0,0.9158607,0.08038469,0.835476,1,1,2412,2363,1,high,accepted
21415,73750.0,73750.0,0.6177387,0.097155854,0.52058285,1,1,246,587,1,high,accepted
21432,73801.0,73801.0,0.89318013,0.069312885,0.82386726,1,1,3741,3536,1,high,accepted
21441,73211.0,73211.0,0.93796045,0.0911984,0.84676206,1,1,7208,7147,1,high,accepted
21549,74454.0,74454.0,0.87682307,0.18062517,0.69619787,1,1,2671,2953,1,high,accepted
21558,74359.0,74359.0,0.9104729,0.12752254,0.78295034,1,1,1456,1521,1,high,accepted
21571,74838.0,74838.0,1.0,0.09989892,0.90010107,1,1,71,71,1,high,accepted
21587,74731.0,74731.0,0.5210615,0.106956966,0.41410452,1,1,150,262,1,medium,accepted
21588,74748.0,74748.0,0.5022882,0.08670873,0.41557947,1,1,101,244,1,medium,accepted
21595,74630.0,74630.0,0.81069136,0.05740623,0.7532851,1,1,368,468,1,high,accepted
21622,74513.0,74513.0,0.7234447,0.0681376,0.65530705,1,1,2119,3757,1,high,accepted
21624,74543.0,74543.0,0.21282317,0.052367285,0.16045588,1,1,24,289,1,medium,accepted
21654,75342.0,75342.0,0.866913,0.065625004,0.801288,1,1,1361,1566,1,high,accepted
21690,75867.0,75867.0,0.9142063,0.081030846,0.8331755,1,1,5331,5870,1,high,accepted
21699,75138.0,75138.0,0.82423425,0.05302554,0.7712087,1,1,1008,1133,1,high,accepted
21733,75250.0,75250.0,0.87149674,0.0855016,0.7859951,1,1,322,331,1,high,accepted
21754,75258.0,75258.0,0.96450675,0.11921727,0.84528947,1,1,1143,1243,1,high,accepted
21789,76430.0,76430.0,0.9270028,0.07954599,0.8474568,1,1,5314,5308,1,high,accepted
21795,76455.0,76455.0,0.9400574,0.17369719,0.7663602,1,1,4512,4233,1,high,accepted
21813,76225.0,76225.0,0.6487596,0.072775364,0.57598424,1,1,3085,3528,1,high,accepted
21830,76858.0,76858.0,0.8764994,0.068170905,0.8083285,1,1,993,1180,1,high,accepted
21840,76757.0,76757.0,0.82509637,0.072224595,0.7528718,1,1,1602,2319,1,high,accepted
21857,76540.0,76540.0,0.33180076,0.08714664,0.24465412,1,1,22,229,1,medium,accepted
21874,76355.0,76355.0,0.8946174,0.085011326,0.809606,1,1,1216,1417,1,high,accepted
21875,76329.0,76329.0,0.7908474,0.05346264,0.73738474,1,1,1387,1793,1,high,accepted
21916,77446.0,77446.0,0.9302514,0.13971114,0.7905403,1,1,11088,10720,1,high,accepted
21936,77318.0,77318.0,0.9502063,0.12880692,0.8213994,1,1,8551,8406,1,high,accepted
21940,77211.0,77211.0,0.9420765,0.13534321,0.8067333,1,1,6363,6302,1,high,accepted
21943,77263.0,77263.0,0.8696823,0.097108774,0.7725736,1,1,3171,3707,1,high,accepted
21955,77829.0,77829.0,0.95059705,0.12074151,0.82985556,1,1,11115,10724,1,high,accepted
21961,77637.0,77637.0,0.6853059,0.14442936,0.5408765,1,1,13876,6463,1,high,accepted
21978,77591.0,77591.0,0.69599897,0.08950162,0.60649735,1,1,758,1066,1,high,accepted
21991,78517.0,78517.0,0.7004796,0.04748871,0.65299094,1,1,1876,3557,1,high,accepted
21994,60559.0,60559.0,0.91615,0.06266594,0.85348403,1,1,2992,3121,1,high,accepted
21998,78148.0,78148.0,0.88450366,0.12004871,0.76445496,1,1,6688,7499,1,high,accepted
22007,78819.0,78819.0,0.90387976,0.1473382,0.75654155,1,1,494,408,1,high,accepted
22015,78247.0,78247.0,0.5702641,0.07418207,0.49608207,1,1,2087,1759,1,medium,accepted
22028,78352.0,78352.0,0.90947276,0.08594091,0.8235318,1,1,4026,4399,1,high,accepted
22029,78366.0,78366.0,0.5913564,0.10110317,0.4902532,1,1,129,384,1,medium,accepted
22094,79140.0,79140.0,0.927803,0.08823698,0.839566,1,1,4656,4239,1,high,accepted
22099,79130.0,79130.0,0.8844426,0.08784553,0.79659706,1,1,572,682,1,high,accepted
22110,79617.0,79617.0,0.8369074,0.08665632,0.75025105,1,1,1135,775,1,high,accepted
22118,79847.0,79847.0,0.88174856,0.07091396,0.8108346,1,1,3508,4082,1,high,accepted
22123,79825.0,79825.0,0.8581776,0.0793181,0.7788595,1,1,1511,1164,1,high,accepted
22131,79229.0,79229.0,0.9008397,0.10951674,0.79132295,1,1,6207,5645,1,high,accepted
22136,79440.0,79440.0,0.66026735,0.04908387,0.61118346,1,1,834,1971,1,high,accepted
22143,79358.0,79358.0,0.8359409,0.04860734,0.7873336,1,1,2003,2638,1,high,accepted
22154,79545.0,79545.0,0.85357785,0.07236459,0.7812133,1,1,2439,2821,1,high,accepted
22156,79535.0,79535.0,0.6182919,0.11666919,0.50162274,1,1,172,719,1,high,accepted
22163,79764.0,79764.0,0.8953401,0.10746515,0.78787494,1,1,7454,8087,1,high,accepted
22180,79293.0,79293.0,0.83080786,0.056310877,0.774497,1,1,1098,1444,1,high,accepted
22192,60841.0,60841.0,0.9148514,0.11325079,0.80160064,1,1,9596,10158,1,high,accepted
22201,60339.0,60339.0,0.8043188,0.07157204,0.7327468,1,1,2145,3200,1,high,accepted
22203,60255.0,60255.0,0.47172818,0.04500237,0.4267258,1,1,26,43,1,medium,accepted
22205,60336.0,60336.0,0.9290913,0.074910566,0.8541807,1,1,2478,2584,1,high,accepted
22220,60634.0,60634.0,0.57954586,0.06527821,0.5142677,1,1,569,250,1,medium,accepted
22231,60768.0,60768.0,0.90546876,0.09475474,0.81071407,1,1,7277,6963,1,high,accepted
22233,60757.0,60757.0,0.6290257,0.09293534,0.5360904,1,1,322,553,1,high,accepted
22234,60845.0,60845.0,0.8743191,0.09608901,0.7782301,1,1,1342,1006,1,high,accepted
22249,60263.0,60263.0,0.920471,0.10125731,0.8192137,1,1,9878,10885,1,high,accepted
22250,60264.0,60264.0,0.59996945,0.08175401,0.5182154,1,1,178,191,1,medium,accepted
22253,60140.0,60140.0,0.85546,0.056462135,0.7989979,1,1,3007,3537,1,high,accepted
22254,60146.0,60146.0,0.9197793,0.080476336,0.83930296,1,1,4953,5059,1,high,accepted
22261,60181.0,60181.0,0.7953542,0.07702646,0.7183277,1,1,1046,1241,1,high,accepted
22277,61101.0,61101.0,0.9500045,0.13171074,0.81829375,1,1,12743,12499,1,high,accepted
22278,61145.0,61145.0,0.96014255,0.07350217,0.88664037,1,1,6480,6114,1,high,accepted
22280,61156.0,61156.0,0.6432028,0.059471734,0.58373106,1,1,1097,2464,1,high,accepted
22292,61666.0,61666.0,0.76326805,0.07891411,0.68435395,1,1,3998,3273,1,high,accepted
22293,61643.0,61643.0,0.86158454,0.117004,0.74458057,1,1,7181,6405,1,high,accepted
22302,60337.0,60337.0,0.80742824,0.059942827,0.7474854,1,1,3542,3070,1,high,accepted
22305,61891.0,61891.0,1.0,0.07815499,0.921845,1,1,42,42,1,high,accepted
22309,61456.0,61456.0,0.86285245,0.10480017,0.7580523,1,1,1107,1155,1,high,accepted
22311,61457.0,61457.0,0.8389615,0.06453963,0.7744218,1,1,1342,1508,1,high,accepted
22312,61411.0,61411.0,0.73693866,0.086802736,0.65013593,1,1,1801,2935,1,high,accepted
22318,61365.0,61365.0,0.92292285,0.07960097,0.84332186,1,1,4866,5054,1,high,accepted
22321,61329.0,61329.0,0.60029,0.089214824,0.51107514,1,1,287,724,1,high,accepted
22332,61700.0,61700.0,1.0,0.59292704,0.40707293,1,1,28,28,1,high,accepted
22335,61214.0,61214.0,0.73277706,0.16456826,0.5682088,1,1,1080,1293,1,high,accepted
22345,61700.0,,0.27247462,0.18463723,0.08783739,1,0,23,28,0,low,not_mutual
22349,61565.0,61565.0,0.2554711,0.06072942,0.19474168,1,1,47,512,1,medium,accepted
22368,62146.0,62146.0,0.8530041,0.07091231,0.78209174,1,1,3369,3154,1,high,accepted
22372,99445.0,,0.06354563,0.039436508,0.024109123,1,0,15,920,0,low,score+margin+not_mutual
22380,62754.0,62754.0,0.66794884,0.14119048,0.5267583,1,1,9788,5180,1,high,accepted
22389,62363.0,62363.0,0.9376464,0.10505684,0.8325895,1,1,9141,9248,1,high,accepted
22397,62360.0,62360.0,0.93784565,0.07533181,0.86251384,1,1,5941,5692,1,high,accepted
22404,62655.0,62655.0,0.7843498,0.08228401,0.7020658,1,1,1479,2244,1,high,accepted
22414,62463.0,62463.0,0.56563616,0.07464837,0.49098775,1,1,475,886,1,medium,accepted
22419,62528.0,62528.0,0.9520274,0.15283364,0.79919374,1,1,6855,6580,1,high,accepted
22427,62242.0,62242.0,0.8837337,0.0777433,0.8059904,1,1,3357,3836,1,high,accepted
22428,62263.0,62263.0,0.37163675,0.04190631,0.32973042,1,1,336,1202,1,medium,accepted
22435,62869.0,62869.0,0.9714482,0.09897715,0.87247103,1,1,8733,8725,1,high,accepted
22458,464400.0,464400.0,0.92774683,0.10775177,0.81999505,1,1,1465,1426,1,high,accepted
22469,63145.0,63145.0,0.9033865,0.092093885,0.8112926,1,1,5864,5026,1,high,accepted
22473,63138.0,63138.0,0.8358615,0.09364319,0.7422183,1,1,639,435,1,high,accepted
22478,63103.0,63103.0,0.88636065,0.052399673,0.83396095,1,1,2299,1921,1,high,accepted
22487,63111.0,63111.0,0.9332487,0.12936166,0.80388707,1,1,1135,990,1,high,accepted
22491,75340.0,75340.0,0.79799664,0.07437878,0.72361785,1,1,2232,3048,1,high,accepted
22505,63348.0,63348.0,0.8351783,0.081246875,0.75393146,1,1,1157,1366,1,high,accepted
22508,63342.0,63342.0,0.93451256,0.11238062,0.822132,1,1,3085,3235,1,high,accepted
22524,63235.0,63235.0,0.3304004,0.22279356,0.10760683,1,1,240,220,1,medium,accepted
22525,63248.0,63248.0,0.9453192,0.06427892,0.8810403,1,1,3989,4006,1,high,accepted
22539,63730.0,63730.0,0.53668654,0.09976951,0.43691704,1,1,186,624,1,medium,accepted
22540,63765.0,63765.0,0.84784234,0.06043466,0.7874077,1,1,3522,4058,1,high,accepted
22541,63749.0,63749.0,0.57602036,0.0338098,0.5422106,1,1,1065,2672,1,medium,accepted
22547,76650.0,76650.0,0.92624736,0.07504618,0.8512012,1,1,4326,4363,1,high,accepted
22548,62648.0,62648.0,0.78595454,0.05775563,0.72819895,1,1,248,156,1,high,accepted
22551,63619.0,63619.0,0.81199795,0.07279993,0.739198,1,1,92,155,1,high,accepted
22575,63464.0,63464.0,0.8905633,0.11956512,0.7709982,1,1,4649,5519,1,high,accepted
22579,62595.0,62595.0,0.28452876,0.03806332,0.24646544,1,1,145,997,1,medium,accepted
22583,78536.0,78536.0,0.8048585,0.09811346,0.706745,1,1,1679,2134,1,high,accepted
22592,76118.0,76118.0,0.9613809,0.13872038,0.8226605,1,1,4069,3990,1,high,accepted
22595,62920.0,62920.0,0.6865729,0.04927198,0.63730097,1,1,1448,2402,1,high,accepted
22596,62937.0,62937.0,0.7647101,0.07042966,0.69428045,1,1,1576,2151,1,high,accepted
22597,62929.0,62929.0,0.6679574,0.16011873,0.50783867,1,1,256,667,1,high,accepted
22598,62951.0,62951.0,0.81540644,0.06663888,0.74876755,1,1,3152,3739,1,high,accepted
22615,62966.0,62966.0,0.73935443,0.080600716,0.65875375,1,1,515,837,1,high,accepted
22617,63959.0,63959.0,0.90667844,0.08075454,0.82592386,1,1,3759,3987,1,high,accepted
22621,63960.0,63960.0,0.75933045,0.058487114,0.70084333,1,1,2145,3081,1,high,accepted
22622,63914.0,63914.0,0.6262074,0.08976019,0.5364472,1,1,523,1429,1,high,accepted
22624,63950.0,63950.0,0.7262248,0.09109123,0.63513356,1,1,6261,4125,1,high,accepted
22640,64155.0,64155.0,0.9001914,0.059032537,0.8411589,1,1,469,389,1,high,accepted
22651,64350.0,64350.0,0.9550188,0.15221341,0.8028054,1,1,4217,4097,1,high,accepted
22666,64760.0,64760.0,0.792517,0.14010333,0.6524137,1,1,1119,1570,1,high,accepted
22667,64596.0,64596.0,0.86513805,0.061609194,0.80352885,1,1,2462,2920,1,high,accepted
22668,64565.0,64565.0,0.8503084,0.10735524,0.7429532,1,1,5290,6931,1,high,accepted
22675,64893.0,64893.0,0.84324497,0.08333158,0.7599134,1,1,3417,4121,1,high,accepted
22703,548384.0,548384.0,0.93477935,0.18076903,0.7540103,1,1,2933,2531,1,high,accepted
22708,65764.0,65764.0,0.95569324,0.15483059,0.80086267,1,1,10202,9409,1,high,accepted
22710,65707.0,65707.0,0.92491025,0.10839567,0.8165146,1,1,3960,4041,1,high,accepted
22717,65343.0,65343.0,0.89016247,0.06962147,0.82054096,1,1,3441,3714,1,high,accepted
22720,64001.0,64001.0,0.94659925,0.120379716,0.82621956,1,1,9087,9289,1,high,accepted
22721,64017.0,64017.0,0.8138891,0.065382496,0.7485066,1,1,2241,2880,1,high,accepted
22722,64041.0,64041.0,0.43048254,0.22616965,0.2043129,1,1,109,950,1,medium,accepted
22729,65048.0,65048.0,0.9472998,0.08952686,0.8577729,1,1,6774,6615,1,high,accepted
22730,65056.0,65056.0,0.86265785,0.11458692,0.74807096,1,1,8485,9108,1,high,accepted
22731,65057.0,65057.0,0.6991832,0.108827524,0.5903557,1,1,747,1442,1,high,accepted
22734,65058.0,65058.0,0.6931208,0.05283419,0.6402866,1,1,1271,2153,1,high,accepted
22735,61895.0,61895.0,0.9384416,0.12134455,0.817097,1,1,6578,6392,1,high,accepted
22738,63543.0,63543.0,0.956992,0.09460723,0.86238474,1,1,6045,5810,1,high,accepted
22739,64504.0,64504.0,1.0,0.59292704,0.40707293,1,1,8,8,1,high,accepted
22741,65060.0,65060.0,0.9516817,0.1006758,0.8510059,1,1,5318,5244,1,high,accepted
22742,65067.0,65067.0,0.4426204,0.09316254,0.34945786,1,1,207,840,1,medium,accepted
22743,65062.0,65062.0,0.95333475,0.146692,0.8066428,1,1,5917,5885,1,high,accepted
22759,64021.0,64021.0,0.9543763,0.12444655,0.8299297,1,1,14288,13312,1,high,accepted
22761,65639.0,65639.0,0.7928491,0.09054688,0.7023022,1,1,2928,4281,1,high,accepted
22763,62908.0,62908.0,1.0,0.08034814,0.91965187,1,1,24,24,1,high,accepted
22772,77927.0,77927.0,0.8363255,0.071255304,0.76507026,1,1,3690,4150,1,high,accepted
22776,65042.0,65042.0,0.70737314,0.07911516,0.628258,1,1,580,1016,1,high,accepted
22782,65769.0,65769.0,0.92817664,0.07748722,0.8506895,1,1,7509,7235,1,high,accepted
22784,65696.0,65696.0,0.49081916,0.051090207,0.43972895,1,1,231,217,1,medium,accepted
22785,65392.0,65392.0,0.51710933,0.099569544,0.4175398,1,1,957,2461,1,medium,accepted
22786,65661.0,,0.17273341,0.027224785,0.14550862,1,1,41,106,0,low,score
22795,67122.0,67122.0,0.87967175,0.05804552,0.8216262,1,1,1130,888,1,high,accepted
22810,62918.0,62918.0,0.76321733,0.11348533,0.649732,1,1,807,499,1,high,accepted
22815,66103.0,66103.0,0.6562729,0.08022717,0.5760457,1,1,298,154,1,high,accepted
22820,66145.0,66145.0,0.91067636,0.06005681,0.85061955,1,1,3918,3456,1,high,accepted
22821,66160.0,66160.0,0.5557975,0.115709715,0.44008783,1,1,188,634,1,medium,accepted
22834,66291.0,66291.0,0.9342243,0.10831549,0.82590884,1,1,10198,10544,1,high,accepted
22836,64267.0,64267.0,0.28303257,0.18321025,0.09982231,1,1,129,305,1,medium,accepted
22840,65241.0,65241.0,0.7742989,0.06787911,0.7064198,1,1,2795,3340,1,high,accepted
22842,64255.0,64255.0,0.6866066,0.06466459,0.621942,1,1,19,48,1,high,accepted
22851,76350.0,76350.0,0.8231355,0.06573351,0.757402,1,1,1073,1109,1,high,accepted
22867,66305.0,66305.0,0.6920416,0.06864852,0.62339306,1,1,1952,2961,1,high,accepted
22869,61396.0,61396.0,0.47529042,0.06369838,0.41159204,1,1,295,1289,1,medium,accepted
22870,65348.0,65348.0,0.24569458,0.15714793,0.088546656,1,1,294,750,1,medium,accepted
22881,66398.0,66398.0,0.22263038,0.14807636,0.074554026,1,1,355,429,1,medium,accepted
22890,65320.0,65320.0,0.9381086,0.13596517,0.80214345,1,1,12939,12430,1,high,accepted
22893,65514.0,65514.0,1.0,0.113530725,0.8864693,1,1,9,9,1,high,accepted
22899,64580.0,64580.0,0.67985797,0.06580006,0.6140579,1,1,3197,3024,1,high,accepted
22901,65522.0,65522.0,0.50137097,0.06970127,0.43166968,1,1,698,1947,1,medium,accepted
22904,66556.0,66556.0,0.23067702,0.06215222,0.1685248,1,1,238,2769,1,medium,accepted
22905,63512.0,63512.0,0.83942676,0.071649775,0.76777697,1,1,1866,2234,1,high,accepted
22908,65516.0,65516.0,0.9661183,0.14394681,0.82217145,1,1,11157,11277,1,high,accepted
22911,75321.0,75321.0,0.95871234,0.101011276,0.85770106,1,1,869,837,1,high,accepted
22915,72862.0,72862.0,0.7837655,0.057291023,0.72647446,1,1,163,222,1,high,accepted
22922,64047.0,64047.0,0.86165386,0.059776258,0.8018776,1,1,1652,1860,1,high,accepted
22923,65509.0,65509.0,0.49091005,0.06040845,0.4305016,1,1,299,470,1,medium,accepted
22925,64718.0,64718.0,0.57457167,0.055211924,0.51935977,1,1,1792,4289,1,medium,accepted
22926,66557.0,66557.0,0.51910055,0.062056843,0.4570437,1,1,447,1707,1,medium,accepted
22932,66630.0,66630.0,0.5942132,0.060989197,0.533224,1,1,957,709,1,medium,accepted
22933,66660.0,66660.0,0.44334996,0.06613831,0.37721163,1,1,819,1001,1,medium,accepted
22960,66705.0,66705.0,0.5670813,0.15377474,0.41330656,1,1,177,542,1,medium,accepted
22964,66741.0,66741.0,0.5607694,0.09303491,0.4677345,1,1,1145,2606,1,medium,accepted
22978,74167.0,74167.0,0.96299773,0.15047517,0.8125226,1,1,631,608,1,high,accepted
22985,65703.0,65703.0,1.0,0.14905487,0.8509451,1,1,22,22,1,high,accepted
22996,74857.0,74857.0,0.9495663,0.06786618,0.8817001,1,1,3778,3555,1,high,accepted
23003,63930.0,63930.0,0.2997695,0.1002459,0.1995236,1,1,51,108,1,medium,accepted
23005,66492.0,66492.0,0.47835898,0.050416805,0.4279422,1,1,1139,2474,1,medium,accepted
23023,66444.0,,0.18885928,0.08314816,0.105711125,1,1,219,356,0,low,score
23024,66493.0,66493.0,0.41974252,0.11534197,0.30440056,1,1,318,1340,1,medium,accepted
23030,66451.0,66451.0,0.85450304,0.051167972,0.8033351,1,1,1653,1785,1,high,accepted
23035,65933.0,65933.0,0.9278396,0.11223983,0.81559974,1,1,5759,5672,1,high,accepted
23041,64960.0,64960.0,0.26851502,0.10577809,0.16273692,1,1,17,179,1,medium,accepted
23043,65949.0,65949.0,0.88178915,0.0723253,0.80946386,1,1,3602,4105,1,high,accepted
23047,64995.0,64995.0,0.84743136,0.086688936,0.7607424,1,1,2332,2846,1,high,accepted
23053,65064.0,65064.0,0.5275418,0.13233908,0.39520273,1,1,430,1588,1,medium,accepted
23054,65964.0,65964.0,0.4279215,0.12913755,0.29878396,1,1,493,2779,1,medium,accepted
23082,77563.0,77563.0,0.90602785,0.061192755,0.8448351,1,1,244,276,1,high,accepted
23090,73248.0,73248.0,0.9409395,0.083870694,0.8570688,1,1,935,928,1,high,accepted
23091,65702.0,65702.0,0.25110593,0.05875746,0.19234847,1,1,31,111,1,medium,accepted
23092,63894.0,63894.0,0.7388478,0.053523537,0.68532425,1,1,3064,3055,1,high,accepted
23094,66859.0,66859.0,0.7160704,0.102149494,0.6139209,1,1,1413,2068,1,high,accepted
23097,65844.0,65844.0,0.2749607,0.044673156,0.23028755,1,1,242,1897,1,medium,accepted
23101,75138.0,,0.0121275885,0.007444146,0.0046834424,1,0,1412,1133,0,low,score+margin+not_mutual
23105,64861.0,64861.0,0.83806133,0.10795226,0.7301091,1,1,4123,5475,1,high,accepted
23107,61557.0,61557.0,0.33954987,0.08596493,0.25358495,1,1,36,114,1,medium,accepted
23110,62056.0,62056.0,0.80342,0.06793079,0.7354892,1,1,1254,1691,1,high,accepted
23112,64768.0,64768.0,0.8259215,0.08848907,0.7374324,1,1,4391,5545,1,high,accepted
23115,65827.0,65827.0,0.42965817,0.07549443,0.35416374,1,1,92,617,1,medium,accepted
23116,65464.0,65464.0,1.0,0.04662128,0.95337874,1,1,10,10,1,high,accepted
23117,61896.0,61896.0,0.49354813,0.1946657,0.29888242,1,1,39,128,1,medium,accepted
23122,64759.0,64759.0,0.54823315,0.08278597,0.46544722,1,1,463,1061,1,medium,accepted
23137,65398.0,65398.0,0.7953537,0.092289574,0.70306414,1,1,1014,1103,1,high,accepted
23139,66801.0,66801.0,0.48593605,0.042001642,0.44393438,1,1,272,839,1,medium,accepted
23145,66858.0,66858.0,0.3846039,0.07303755,0.31156632,1,1,551,2150,1,medium,accepted
23148,65896.0,65896.0,0.49746835,0.21827692,0.2791914,1,1,18,63,1,medium,accepted
23150,63104.0,63104.0,0.6791994,0.090849355,0.58835006,1,1,254,297,1,high,accepted
23151,66064.0,66064.0,0.40895608,0.070139125,0.33881694,1,1,525,2726,1,medium,accepted
23154,64029.0,64029.0,0.44747335,0.09300978,0.35446358,1,1,725,2684,1,medium,accepted
23157,66047.0,66047.0,0.51423955,0.0557561,0.4584835,1,1,517,2216,1,medium,accepted
23158,66068.0,66068.0,0.41464663,0.057891607,0.35675502,1,1,357,1726,1,medium,accepted
23175,66039.0,66039.0,0.26673254,0.08803987,0.17869267,1,1,298,600,1,medium,accepted
23177,66201.0,66201.0,0.59449434,0.12288685,0.47160748,1,1,350,1064,1,medium,accepted
23182,62294.0,62294.0,0.40401542,0.057034675,0.34698072,1,1,272,1350,1,medium,accepted
23190,63492.0,63492.0,0.65088344,0.04096607,0.60991734,1,1,1982,4027,1,high,accepted
23194,66956.0,,0.15657124,0.11916296,0.03740827,1,1,51,484,0,low,score+margin
23204,573348.0,573348.0,0.64260197,0.108708255,0.5338937,1,1,1251,2176,1,high,accepted
23206,66920.0,66920.0,0.7804817,0.0917664,0.68871534,1,1,4864,6874,1,high,accepted
23225,67119.0,67119.0,0.93720335,0.1517552,0.78544813,1,1,4614,4663,1,high,accepted
23229,67143.0,67143.0,0.9386784,0.12475252,0.81392586,1,1,5175,4862,1,high,accepted
23231,67116.0,67116.0,0.8412631,0.06000531,0.7812578,1,1,3864,3568,1,high,accepted
23232,67164.0,67164.0,0.77606034,0.069850534,0.70620984,1,1,1276,1307,1,high,accepted
23235,67246.0,67246.0,0.9028283,0.07724044,0.82558787,1,1,4832,5053,1,high,accepted
23236,67259.0,67259.0,0.49005684,0.09772812,0.3923287,1,1,331,1377,1,medium,accepted
23238,67266.0,67266.0,0.8944355,0.08534815,0.8090874,1,1,4377,4487,1,high,accepted
23240,67260.0,67260.0,0.40925804,0.099577725,0.3096803,1,1,163,705,1,medium,accepted
23257,67954.0,67954.0,0.665308,0.06583033,0.59947765,1,1,1452,2927,1,high,accepted
23258,67956.0,67956.0,0.5504387,0.038082752,0.5123559,1,1,854,2782,1,medium,accepted
23260,67962.0,67962.0,0.55307734,0.105872266,0.44720504,1,1,671,1916,1,medium,accepted
23262,67944.0,67944.0,0.454647,0.0723168,0.3823302,1,1,21,103,1,medium,accepted
23267,67989.0,67989.0,0.60981554,0.11290623,0.49690932,1,1,45,184,1,high,accepted
23284,67365.0,67365.0,0.6637595,0.07698353,0.586776,1,1,1243,2354,1,high,accepted
23286,67360.0,67360.0,0.3273378,0.20481105,0.12252674,1,1,249,776,1,medium,accepted
23288,67391.0,67391.0,0.88024014,0.079432085,0.800808,1,1,4742,4943,1,high,accepted
23289,64051.0,64051.0,0.88111985,0.05259246,0.8285274,1,1,1748,1947,1,high,accepted
23293,67646.0,67646.0,0.4925014,0.07905928,0.41344213,1,1,2058,1598,1,medium,accepted
23294,67640.0,67640.0,0.4534361,0.071501166,0.38193494,1,1,649,1113,1,medium,accepted
23302,67604.0,67604.0,0.312648,0.14877775,0.16387025,1,1,477,1922,1,medium,accepted
23305,67606.0,67606.0,0.29450515,0.04545924,0.2490459,1,1,84,705,1,medium,accepted
23306,65616.0,65616.0,0.7375705,0.08454897,0.6530216,1,1,6217,5241,1,high,accepted
23307,67603.0,67603.0,0.90649563,0.09815329,0.80834234,1,1,5691,5781,1,high,accepted
23312,67828.0,67828.0,0.90203923,0.056294296,0.84574497,1,1,2957,3102,1,high,accepted
23314,67863.0,67863.0,0.60480255,0.0915222,0.51328033,1,1,896,1548,1,high,accepted
23324,64889.0,64889.0,0.3445317,0.18646808,0.15806359,1,1,66,1032,1,medium,accepted
23331,67768.0,67768.0,0.47849628,0.04958334,0.42891294,1,1,409,1870,1,medium,accepted
23332,67762.0,67762.0,0.6692311,0.108386554,0.56084454,1,1,618,912,1,high,accepted
23334,67737.0,67737.0,0.8735282,0.07173634,0.80179185,1,1,1772,1692,1,high,accepted
23336,67711.0,67711.0,0.5882512,0.05220864,0.5360425,1,1,589,1323,1,medium,accepted
23342,67591.0,67591.0,0.47343975,0.07827562,0.39516413,1,1,325,1417,1,medium,accepted
23343,67588.0,67588.0,0.29465753,0.13693713,0.15772042,1,1,210,2493,1,medium,accepted
23347,67539.0,67539.0,0.87138665,0.11286855,0.7585181,1,1,6521,7244,1,high,accepted
23348,493193.0,493193.0,1.0,0.016437924,0.98356205,1,1,4,4,1,high,accepted
23349,67504.0,67504.0,1.0,0.062159818,0.93784016,1,1,17,17,1,high,accepted
23352,65206.0,65206.0,0.31657204,0.042861518,0.27371055,1,1,16,305,1,medium,accepted
23360,64464.0,64464.0,0.22638026,0.1027331,0.12364716,1,1,215,3035,1,medium,accepted
23361,67467.0,67467.0,0.45821953,0.054704536,0.40351498,1,1,426,1811,1,medium,accepted
23362,67443.0,67443.0,0.8115471,0.09677768,0.7147694,1,1,932,1254,1,high,accepted
23363,67421.0,67421.0,0.90542305,0.07268718,0.8327359,1,1,3924,4075,1,high,accepted
23366,67454.0,67454.0,0.48358586,0.10983917,0.3737467,1,1,210,924,1,medium,accepted
23369,67419.0,67419.0,0.71015114,0.06665067,0.64350045,1,1,1843,3097,1,high,accepted
23383,67048.0,67048.0,0.49228647,0.10106758,0.3912189,1,1,733,3429,1,medium,accepted
23384,67066.0,67066.0,0.6412132,0.06709091,0.57412225,1,1,159,411,1,high,accepted
23385,67045.0,67045.0,0.49476674,0.09018641,0.40458032,1,1,741,1802,1,medium,accepted
23411,502010.0,502010.0,0.943459,0.13630061,0.80715835,1,1,5306,5312,1,high,accepted
23414,67703.0,67703.0,0.94415396,0.10139535,0.8427586,1,1,4434,4354,1,high,accepted
23415,458676.0,458676.0,0.9533277,0.1679978,0.78532994,1,1,2982,2887,1,high,accepted
23418,65109.0,65109.0,0.91562253,0.06781458,0.84780794,1,1,2947,2789,1,high,accepted
23421,68130.0,68130.0,0.8850061,0.09800975,0.78699636,1,1,4464,3940,1,high,accepted
23422,68135.0,68135.0,0.93347454,0.20660517,0.7268694,1,1,5076,4747,1,high,accepted
23423,68157.0,68157.0,0.726074,0.08944272,0.6366313,1,1,512,335,1,high,accepted
23424,68159.0,68159.0,0.90925974,0.12840955,0.78085023,1,1,2829,2419,1,high,accepted
23426,65117.0,65117.0,0.8470496,0.06720475,0.7798448,1,1,3571,3288,1,high,accepted
23428,68107.0,68107.0,0.5894222,0.07487016,0.51455206,1,1,488,447,1,medium,accepted
23429,68109.0,68109.0,0.8513847,0.06502787,0.7863568,1,1,2235,1697,1,high,accepted
23431,68114.0,68114.0,0.5646597,0.10474326,0.45991644,1,1,39,12,1,medium,accepted
23437,66018.0,66018.0,0.85344225,0.08992179,0.7635205,1,1,4832,5226,1,high,accepted
23439,61268.0,61268.0,0.8982323,0.05492877,0.84330356,1,1,4275,4576,1,high,accepted
23440,68341.0,68341.0,0.91684073,0.14301577,0.773825,1,1,9308,9304,1,high,accepted
23444,51001.0,,0.23925944,0.09078413,0.14847532,1,0,22,82,0,low,not_mutual
23446,65958.0,65958.0,0.30646804,0.14149605,0.16497199,1,1,123,15,1,medium,accepted
23447,68397.0,68397.0,0.34690994,0.108012095,0.23889785,1,1,63,70,1,medium,accepted
23449,68409.0,,0.089235984,0.06992135,0.019314632,1,0,29,656,0,low,score+margin+not_mutual
23455,68556.0,68556.0,0.67961174,0.05188292,0.6277288,1,1,1534,3041,1,high,accepted
23458,68529.0,68529.0,0.7169036,0.10360539,0.6132982,1,1,1880,2438,1,high,accepted
23459,68585.0,68585.0,0.7641935,0.088663556,0.67552996,1,1,2342,3315,1,high,accepted
23461,68589.0,68589.0,0.29515412,0.07651153,0.21864258,1,1,342,1587,1,medium,accepted
23462,68501.0,68501.0,0.53500885,0.12785001,0.40715882,1,1,1746,4704,1,medium,accepted
23475,68036.0,68036.0,0.7452457,0.078278035,0.6669677,1,1,1206,1738,1,high,accepted
23476,68050.0,68050.0,1.0,0.055206444,0.9447936,1,1,14,14,1,high,accepted
23478,68043.0,68043.0,0.8636426,0.16057982,0.7030628,1,1,5026,6020,1,high,accepted
23479,68067.0,68067.0,0.27703574,0.11895583,0.1580799,1,1,141,2033,1,medium,accepted
23484,68092.0,68092.0,0.72176033,0.069450885,0.6523095,1,1,1475,2455,1,high,accepted
23485,68093.0,,0.17624934,0.09072142,0.08552792,1,1,45,1140,0,low,score
23487,68096.0,68096.0,0.74436915,0.11181155,0.6325576,1,1,248,461,1,high,accepted
23488,68097.0,68097.0,0.25443193,0.06818358,0.18624833,1,1,108,1699,1,medium,accepted
23491,66451.0,,0.12135502,0.10900716,0.012347865,1,0,85,1785,0,low,score+margin+not_mutual
23496,63628.0,63628.0,0.55443454,0.07703998,0.47739458,1,1,2704,1740,1,medium,accepted
23497,68616.0,68616.0,0.22418185,0.09401561,0.13016623,1,1,126,267,1,medium,accepted
23498,64615.0,64615.0,0.5283611,0.15473433,0.37362674,1,1,997,1008,1,medium,accepted
23499,65618.0,65618.0,0.3148268,0.13004789,0.18477891,1,1,364,399,1,medium,accepted
23500,68659.0,68659.0,0.5368454,0.06282176,0.47402364,1,1,2053,1975,1,medium,accepted
23501,68639.0,68639.0,0.83280694,0.055059243,0.77774775,1,1,2533,2052,1,high,accepted
23502,68617.0,68617.0,0.23871616,0.028230976,0.21048518,1,1,53,263,1,medium,accepted
23504,68619.0,68619.0,0.5915796,0.08460557,0.50697404,1,1,2982,1859,1,medium,accepted
23512,65496.0,65496.0,0.66795665,0.08826502,0.5796916,1,1,2140,4012,1,high,accepted
23513,68415.0,68415.0,0.69149566,0.10746261,0.5840331,1,1,1340,2510,1,high,accepted
23514,68454.0,68454.0,0.20807204,0.13128783,0.07678421,1,1,75,1765,1,medium,accepted
23515,68403.0,68403.0,0.73117507,0.105658084,0.62551695,1,1,2465,3762,1,high,accepted
23516,68406.0,68406.0,0.20533018,0.106917866,0.09841231,1,1,151,2411,1,medium,accepted
23518,68419.0,68419.0,0.91984814,0.11432311,0.80552506,1,1,8087,7950,1,high,accepted
23519,68413.0,68413.0,0.35022214,0.10287624,0.24734591,1,1,109,927,1,medium,accepted
23520,68409.0,,0.17135864,0.08153534,0.089823306,1,1,30,656,0,low,score
23532,68830.0,68830.0,0.51743054,0.06601783,0.4514127,1,1,622,1819,1,medium,accepted
23534,68815.0,68815.0,0.9631494,0.15432128,0.8088282,1,1,2538,2497,1,high,accepted
23535,68801.0,68801.0,0.4242583,0.19867985,0.22557844,1,1,394,2127,1,medium,accepted
23536,64805.0,64805.0,0.8052319,0.07830797,0.726924,1,1,3164,4587,1,high,accepted
23537,68804.0,68804.0,0.5238461,0.08916495,0.43468115,1,1,98,232,1,medium,accepted
23538,68848.0,68848.0,0.48306534,0.1006629,0.38240242,1,1,265,1001,1,medium,accepted
23540,68856.0,68856.0,0.8494194,0.09061507,0.7588044,1,1,4846,5495,1,high,accepted
23542,68896.0,68896.0,0.65524393,0.07663596,0.578608,1,1,1711,3531,1,high,accepted
23554,63292.0,63292.0,0.7431132,0.07282955,0.6702837,1,1,1994,3084,1,high,accepted
23555,68220.0,68220.0,0.90650505,0.11860851,0.7878966,1,1,9626,9338,1,high,accepted
23556,61962.0,61962.0,0.74383396,0.12214968,0.62168425,1,1,493,388,1,high,accepted
23557,68240.0,68240.0,0.9254584,0.16042098,0.76503736,1,1,2075,1973,1,high,accepted
23558,68242.0,68242.0,0.849438,0.0960779,0.7533601,1,1,3225,3934,1,high,accepted
23560,68260.0,68260.0,0.48748803,0.054208215,0.4332798,1,1,529,2365,1,medium,accepted
23561,67263.0,67263.0,0.9342339,0.12190691,0.81232697,1,1,12331,12321,1,high,accepted
23564,68269.0,68269.0,0.55030644,0.0420203,0.5082862,1,1,774,2552,1,medium,accepted
23565,68200.0,68200.0,0.63364536,0.08798918,0.5456562,1,1,3210,6226,1,high,accepted
23567,68797.0,68797.0,0.53943926,0.039779685,0.49965957,1,1,665,2062,1,medium,accepted
23568,68703.0,68703.0,0.69677746,0.08846012,0.6083173,1,1,1526,2880,1,high,accepted
23574,68701.0,68701.0,0.75582683,0.13359909,0.6222277,1,1,935,1543,1,high,accepted
23575,64496.0,64496.0,0.8617275,0.13736856,0.7243589,1,1,53,37,1,high,accepted
23589,68928.0,68928.0,0.86632425,0.115156226,0.751168,1,1,4500,4971,1,high,accepted
23590,68900.0,68900.0,0.9255729,0.07619644,0.8493764,1,1,6013,6472,1,high,accepted
23591,68908.0,68908.0,0.21734852,0.10874299,0.10860552,1,1,46,555,1,medium,accepted
23593,68902.0,68902.0,0.91163087,0.13237326,0.77925766,1,1,9505,10515,1,high,accepted
23596,63936.0,63936.0,0.51234627,0.1126259,0.3997204,1,1,297,1344,1,medium,accepted
23597,63961.0,63961.0,0.8631203,0.075063385,0.78805697,1,1,2969,3285,1,high,accepted
23598,68905.0,68905.0,0.23595664,0.057118617,0.17883803,1,1,61,941,1,medium,accepted
23599,68910.0,68910.0,0.33755568,0.17009822,0.16745746,1,1,200,1138,1,medium,accepted
23600,65937.0,65937.0,0.48679844,0.15000048,0.33679795,1,1,164,922,1,medium,accepted
23614,65643.0,65643.0,0.77925134,0.097221315,0.68203,1,1,2875,2922,1,high,accepted
23615,68453.0,68453.0,0.21664456,0.08788962,0.12875494,1,1,56,1186,1,medium,accepted
23617,68249.0,68249.0,0.7179238,0.0738154,0.6441084,1,1,2569,4395,1,high,accepted
23618,64198.0,64198.0,0.48645782,0.17481497,0.31164286,1,1,76,280,1,medium,accepted
23624,68201.0,68201.0,0.41140386,0.05097245,0.3604314,1,1,56,264,1,medium,accepted
23627,62611.0,62611.0,0.7439872,0.096934944,0.6470523,1,1,2597,3930,1,high,accepted
23628,61295.0,61295.0,0.7298853,0.1331498,0.5967355,1,1,1253,2509,1,high,accepted
23630,66609.0,66609.0,0.6867186,0.08897716,0.5977414,1,1,4729,2543,1,high,accepted
23631,63991.0,63991.0,0.8364085,0.14788692,0.68852156,1,1,3098,3773,1,high,accepted
23632,63638.0,63638.0,0.58641267,0.07187746,0.5145352,1,1,3076,2064,1,medium,accepted
23633,543391.0,543391.0,0.956896,0.13477537,0.82212067,1,1,15450,15671,1,high,accepted
23634,69134.0,69134.0,0.9338145,0.067500785,0.8663137,1,1,4357,4252,1,high,accepted
23636,69158.0,69158.0,0.7736607,0.08087171,0.692789,1,1,1222,1207,1,high,accepted
23637,69159.0,69159.0,0.93626934,0.09598183,0.8402875,1,1,5587,5504,1,high,accepted
23638,69168.0,69168.0,0.81138337,0.071987234,0.7393961,1,1,5021,4714,1,high,accepted
23640,69104.0,69104.0,0.5555895,0.06760977,0.4879797,1,1,994,1746,1,medium,accepted
23642,69108.0,69108.0,0.8934673,0.10389744,0.78956985,1,1,4239,3567,1,high,accepted
23643,69111.0,69111.0,0.813784,0.11570943,0.6980746,1,1,1734,1212,1,high,accepted
23644,69113.0,69113.0,0.8872255,0.084734075,0.8024914,1,1,3400,3623,1,high,accepted
23648,66663.0,66663.0,0.4007708,0.07625125,0.32451957,1,1,893,707,1,medium,accepted
23650,69620.0,69620.0,0.41924065,0.07056492,0.34867573,1,1,3926,3337,1,medium,accepted
23651,545363.0,545363.0,0.7921727,0.16559003,0.6265826,1,1,2692,1642,1,high,accepted
23652,69643.0,69643.0,0.27342072,0.10227549,0.17114523,1,1,53,478,1,medium,accepted
23653,69645.0,69645.0,0.4196101,0.12756297,0.29204714,1,1,1202,2799,1,medium,accepted
23654,69646.0,69646.0,0.5926236,0.10891206,0.48371154,1,1,1081,986,1,medium,accepted
23655,69656.0,69656.0,0.74724853,0.18772162,0.5595269,1,1,2764,1506,1,high,accepted
23659,69629.0,69629.0,0.35128942,0.038194243,0.31309518,1,1,19,123,1,medium,accepted
23660,69630.0,69630.0,0.24524345,0.084924944,0.1603185,1,1,40,116,1,medium,accepted
23665,65665.0,65665.0,0.7221475,0.055923115,0.66622436,1,1,4127,2151,1,high,accepted
23667,66047.0,,0.09106917,0.04841957,0.0426496,1,0,13,2216,0,low,score+margin+not_mutual
23670,64501.0,64501.0,1.0,0.25884145,0.74115855,1,1,28,28,1,high,accepted
23672,69539.0,69539.0,0.91482306,0.12163392,0.79318917,1,1,5675,6084,1,high,accepted
23673,69550.0,69550.0,0.9950317,0.15087421,0.8441575,1,1,1060,1060,1,high,accepted
23676,69594.0,69594.0,0.47068515,0.12794568,0.3427395,1,1,1027,3084,1,medium,accepted
23680,69507.0,69507.0,0.43882722,0.1094309,0.32939634,1,1,169,783,1,medium,accepted
23682,68592.0,68592.0,0.22086306,0.12704864,0.09381442,1,1,24,391,1,medium,accepted
23684,69516.0,69516.0,0.4096968,0.07430019,0.3353966,1,1,2082,3006,1,medium,accepted
23689,64554.0,64554.0,0.6441098,0.08357852,0.56053126,1,1,946,1697,1,high,accepted
23690,63791.0,63791.0,0.6049087,0.06278409,0.5421246,1,1,361,560,1,high,accepted
23693,69737.0,69737.0,1.0,0.10988168,0.8901183,1,1,21,21,1,high,accepted
23694,599683.0,599683.0,0.96373934,0.19537324,0.7683661,1,1,5884,5478,1,high,accepted
23695,69745.0,69745.0,0.6956094,0.07628972,0.6193196,1,1,4384,4361,1,high,accepted
23696,518445.0,518445.0,0.96808606,0.17908521,0.7890008,1,1,4253,3995,1,high,accepted
23697,69762.0,69762.0,0.70421684,0.104901515,0.59931535,1,1,1807,3348,1,high,accepted
23699,69767.0,69767.0,0.36761436,0.12850258,0.2391118,1,1,355,2146,1,medium,accepted
23703,69703.0,69703.0,0.71536595,0.09814658,0.6172194,1,1,827,1805,1,high,accepted
23708,69709.0,69709.0,0.8624978,0.21913077,0.64336705,1,1,50,35,1,high,accepted
23713,69413.0,69413.0,0.94117904,0.16591927,0.7752598,1,1,2076,1871,1,high,accepted
23714,64769.0,64769.0,0.45294756,0.14627618,0.30667138,1,1,131,868,1,medium,accepted
23717,69435.0,69435.0,0.94318557,0.12160397,0.8215816,1,1,1575,1396,1,high,accepted
23719,69446.0,69446.0,0.94089824,0.14726973,0.7936285,1,1,14775,13689,1,high,accepted
23721,69404.0,69404.0,0.24542445,0.15051654,0.0949079,1,1,63,866,1,medium,accepted
23727,68207.0,68207.0,0.43646494,0.03666187,0.39980307,1,1,179,760,1,medium,accepted
23729,68209.0,68209.0,0.29957235,0.102657884,0.19691446,1,1,26,198,1,medium,accepted
23731,69213.0,69213.0,0.5926955,0.09099514,0.50170034,1,1,1233,2332,1,medium,accepted
23736,69204.0,69204.0,0.58700556,0.07695429,0.51005125,1,1,784,2105,1,medium,accepted
23737,69205.0,69205.0,0.6374753,0.054902006,0.5825733,1,1,1251,2759,1,high,accepted
23738,69206.0,69206.0,0.48808658,0.1167146,0.37137198,1,1,227,1013,1,medium,accepted
23740,69208.0,69208.0,0.37865347,0.10207958,0.2765739,1,1,152,815,1,medium,accepted
23743,69211.0,69211.0,0.6911533,0.08339055,0.60776275,1,1,510,1203,1,high,accepted
23745,518852.0,518852.0,0.92759407,0.15608914,0.77150494,1,1,12787,12316,1,high,accepted
23747,69328.0,69328.0,0.49546573,0.07778363,0.4176821,1,1,1212,2438,1,medium,accepted
23748,69399.0,69399.0,0.67597884,0.046252646,0.6297262,1,1,2112,2751,1,high,accepted
23749,69360.0,69360.0,0.7458347,0.085897185,0.6599375,1,1,2252,2931,1,high,accepted
23751,69367.0,69367.0,0.58191776,0.13195439,0.44996336,1,1,1959,2895,1,medium,accepted
23754,69391.0,69391.0,0.2880219,0.11594293,0.17207897,1,1,327,403,1,medium,accepted
23758,621245.0,621245.0,0.9356301,0.14374585,0.79188424,1,1,2569,2239,1,high,accepted
23759,69813.0,69813.0,0.9307329,0.09296538,0.83776754,1,1,1702,1916,1,high,accepted
23761,69839.0,69839.0,0.72999185,0.06373372,0.66625816,1,1,2165,3083,1,high,accepted
23762,65897.0,65897.0,0.502228,0.08920324,0.41302475,1,1,351,933,1,medium,accepted
23763,69860.0,69860.0,0.4472136,0.09979654,0.34741706,1,1,26,96,1,medium,accepted
23764,69893.0,69893.0,0.33848998,0.07618779,0.2623022,1,1,225,1295,1,medium,accepted
23765,65801.0,65801.0,0.32098308,0.109911494,0.21107158,1,1,131,370,1,medium,accepted
23766,69934.0,69934.0,0.997955,0.12918055,0.8687745,1,1,1244,1248,1,high,accepted
23767,69940.0,69940.0,0.9625212,0.13686086,0.82566035,1,1,11644,11300,1,high,accepted
23769,69962.0,69962.0,0.88432044,0.12514342,0.759177,1,1,8459,9250,1,high,accepted
23771,69969.0,69969.0,0.55584,0.08345551,0.4723845,1,1,1071,2664,1,medium,accepted
23772,69974.0,69974.0,0.6567553,0.068031274,0.5887241,1,1,1484,2928,1,high,accepted
23775,69991.0,69991.0,0.32320476,0.07651075,0.246694,1,1,131,1533,1,medium,accepted
23777,69994.0,,0.1423737,0.051039174,0.09133452,1,1,22,948,0,low,score
23779,69996.0,69996.0,0.43264106,0.070232205,0.36240885,1,1,208,1149,1,medium,accepted
23781,593417.0,593417.0,0.9348471,0.13418053,0.8006666,1,1,9749,9350,1,high,accepted
23782,571035.0,571035.0,0.9448474,0.112717204,0.83213025,1,1,12393,12194,1,high,accepted
23783,69047.0,69047.0,0.44509253,0.07224046,0.3728521,1,1,332,1128,1,medium,accepted
23784,534648.0,534648.0,0.9243857,0.08471215,0.8396736,1,1,2462,2603,1,high,accepted
23785,77637.0,,0.056431863,0.038756415,0.01767545,1,0,64,6463,0,low,score+margin+not_mutual
23786,69041.0,69041.0,0.84974766,0.060035106,0.7897126,1,1,3262,4033,1,high,accepted
23787,69054.0,69054.0,0.790362,0.074219294,0.7161427,1,1,1862,2678,1,high,accepted
23790,69068.0,69068.0,0.5964993,0.097343944,0.49915537,1,1,936,2345,1,medium,accepted
23794,68068.0,68068.0,0.31170875,0.1135162,0.19819255,1,1,59,1039,1,medium,accepted
23819,71175157.0,71175157.0,0.48621154,0.43438774,0.051823795,1,1,292,49,1,medium,accepted
23843,543184.0,543184.0,0.8930851,0.09929275,0.79379237,1,1,1114,992,1,high,accepted
23848,75421.0,75421.0,0.95739263,0.15203625,0.8053564,1,1,4802,4494,1,high,accepted
23849,594902.0,594902.0,0.9727252,0.11269014,0.86003506,1,1,3426,3248,1,high,accepted
23850,69098.0,69098.0,0.27930784,0.17477554,0.1045323,1,1,220,1818,1,medium,accepted
23852,50126.0,50126.0,0.9432134,0.14593588,0.79727757,1,1,7076,6405,1,high,accepted
23853,50157.0,50157.0,0.92610383,0.09945432,0.8266495,1,1,6264,5783,1,high,accepted
23856,50105.0,50105.0,0.8150746,0.12276451,0.6923101,1,1,356,299,1,high,accepted
23857,50106.0,50106.0,0.90456265,0.113184586,0.7913781,1,1,3136,2928,1,high,accepted
23858,50107.0,50107.0,0.99337745,0.21684088,0.7765366,1,1,721,715,1,high,accepted
23860,50109.0,50109.0,0.8136709,0.06421526,0.74945563,1,1,2173,2319,1,high,accepted
23863,50114.0,50114.0,0.7925639,0.103681274,0.6888826,1,1,662,579,1,high,accepted
23866,69803.0,69803.0,0.40858048,0.09496164,0.31361884,1,1,108,648,1,medium,accepted
23867,69801.0,69801.0,0.35117003,0.122876234,0.2282938,1,1,263,1819,1,medium,accepted
23868,50430.0,50430.0,0.4708256,0.14553756,0.32528806,1,1,369,1513,1,medium,accepted
23869,50441.0,50441.0,0.7699012,0.13615108,0.63375014,1,1,2868,4150,1,high,accepted
23870,50449.0,50449.0,0.6111847,0.09588105,0.5153036,1,1,2380,5449,1,high,accepted
23871,50464.0,50464.0,0.57898873,0.07224556,0.5067432,1,1,2497,4632,1,medium,accepted
23872,50411.0,50411.0,0.30647892,0.12266103,0.1838179,1,1,280,1773,1,medium,accepted
23873,675871.0,675871.0,0.42347884,0.14347962,0.27999923,1,1,23,47,1,medium,accepted
23874,50412.0,50412.0,0.5042869,0.047102112,0.45718476,1,1,79,354,1,medium,accepted
23879,64498.0,64498.0,0.29147714,0.16569428,0.12578288,1,1,213,2246,1,medium,accepted
23880,571527.0,571527.0,0.9670112,0.14028762,0.8267236,1,1,11433,10962,1,high,accepted
23884,50573.0,,0.15263446,0.09633988,0.05629458,1,1,108,837,0,low,score
23885,50594.0,50594.0,0.28777725,0.0696047,0.21817254,1,1,30,305,1,medium,accepted
23886,50592.0,50592.0,0.31730613,0.09646337,0.22084276,1,1,141,719,1,medium,accepted
23887,51201.0,,0.05907358,0.055314586,0.0037589944,1,0,121,179,0,low,score+margin+not_mutual
23893,50556.0,50556.0,0.92600584,0.08356564,0.84244025,1,1,3654,3667,1,high,accepted
23895,50596.0,50596.0,0.49276105,0.051899668,0.44086137,1,1,181,909,1,medium,accepted
23897,573185.0,573185.0,0.96274585,0.1506617,0.81208414,1,1,8632,8040,1,high,accepted
23898,592716.0,592716.0,0.9727335,0.15926011,0.8134734,1,1,2202,2158,1,high,accepted
23902,65411.0,65411.0,0.75471663,0.12320701,0.6315096,1,1,1883,2890,1,high,accepted
23903,50859.0,50859.0,0.9558705,0.11583121,0.8400393,1,1,9876,9705,1,high,accepted
23904,50812.0,50812.0,0.49006474,0.04814149,0.44192323,1,1,738,2496,1,medium,accepted
23908,50811.0,50811.0,0.42769945,0.0554781,0.37222135,1,1,48,278,1,medium,accepted
23909,50813.0,50813.0,0.3997649,0.07857041,0.3211945,1,1,405,1728,1,medium,accepted
23910,50814.0,50814.0,0.2439105,0.059944764,0.18396574,1,1,99,418,1,medium,accepted
23912,50818.0,50818.0,1.0,0.12049504,0.879505,1,1,22,22,1,high,accepted
23914,620982.0,620982.0,0.9772421,0.14756398,0.8296782,1,1,2949,2858,1,high,accepted
23915,592468.0,592468.0,0.98004335,0.18275236,0.79729104,1,1,2828,2740,1,high,accepted
23916,543193.0,543193.0,0.83120286,0.19142087,0.639782,1,1,2809,1903,1,high,accepted
23917,605156.0,605156.0,0.64872277,0.14531787,0.50340486,1,1,3437,1525,1,high,accepted
23920,65618.0,,0.0538803,0.0460236,0.0078567015,1,0,84,399,0,low,score+margin+not_mutual
23921,50604.0,,0.08604302,0.04862669,0.03741633,1,1,107,743,0,low,score+margin
23922,50613.0,50613.0,0.29582888,0.09296867,0.20286022,1,1,131,671,1,medium,accepted
23923,67454.0,,0.07277535,0.065775774,0.0069995727,1,0,180,924,0,low,score+margin+not_mutual
23927,50650.0,50650.0,0.2983719,0.114069805,0.1843021,1,1,403,1137,1,medium,accepted
23929,50662.0,50662.0,0.645701,0.17590706,0.46979392,1,1,4326,2287,1,high,accepted
23930,50720.0,50720.0,0.753819,0.105870716,0.64794827,1,1,2685,3521,1,high,accepted
23931,50758.0,50758.0,0.40096346,0.082417384,0.3185461,1,1,154,968,1,medium,accepted
23932,50726.0,50726.0,0.7876541,0.06816927,0.7194848,1,1,2478,3533,1,high,accepted
23933,50710.0,50710.0,0.49659434,0.11566601,0.3809283,1,1,378,1597,1,medium,accepted
23934,50711.0,50711.0,0.56879646,0.05598022,0.51281625,1,1,361,1244,1,medium,accepted
23935,50705.0,50705.0,0.9450063,0.093215704,0.8517906,1,1,3744,3702,1,high,accepted
23936,50712.0,50712.0,0.637106,0.058000844,0.57910514,1,1,70,167,1,high,accepted
23942,50706.0,50706.0,0.7487384,0.113255486,0.63548297,1,1,556,1102,1,high,accepted
23943,50708.0,50708.0,0.42604947,0.07570383,0.35034564,1,1,89,545,1,medium,accepted
23944,623167.0,623167.0,0.8908434,0.15742047,0.7334229,1,1,1953,2410,1,high,accepted
23947,50262.0,50262.0,0.5234935,0.108335204,0.41515833,1,1,270,1207,1,medium,accepted
23950,50294.0,50294.0,0.51470375,0.0545328,0.46017095,1,1,60,289,1,medium,accepted
23951,50296.0,50296.0,0.6009023,0.07010245,0.53079987,1,1,688,2119,1,high,accepted
23952,50298.0,50298.0,0.57003343,0.0614937,0.50853974,1,1,391,1126,1,medium,accepted
23953,50203.0,50203.0,0.63883686,0.0767568,0.56208,1,1,1227,2253,1,high,accepted
23954,50205.0,50205.0,0.4761788,0.057915904,0.4182629,1,1,680,2397,1,medium,accepted
23955,50206.0,50206.0,0.45897305,0.05969186,0.39928117,1,1,467,2266,1,medium,accepted
23959,50211.0,50211.0,0.3530597,0.07573611,0.2773236,1,1,170,1084,1,medium,accepted
23962,605541.0,605541.0,0.92652833,0.1539566,0.7725717,1,1,2789,2566,1,high,accepted
23963,50992.0,50992.0,0.5351119,0.08168787,0.453424,1,1,1397,3650,1,medium,accepted
23964,50995.0,50995.0,0.47326237,0.10936289,0.36389947,1,1,336,1658,1,medium,accepted
23966,50901.0,50901.0,0.74602073,0.061112937,0.6849078,1,1,143,242,1,high,accepted
23967,50900.0,50900.0,0.25805676,0.10068043,0.15737632,1,1,60,676,1,medium,accepted
23968,50905.0,50905.0,0.5096407,0.09642384,0.41321683,1,1,297,1180,1,medium,accepted
23972,50904.0,50904.0,0.86358225,0.08672173,0.77686054,1,1,868,1110,1,high,accepted
23977,50354.0,50354.0,0.5658001,0.096159495,0.46964055,1,1,1731,3482,1,medium,accepted
23979,50360.0,50360.0,0.82449037,0.079638556,0.7448518,1,1,3616,4642,1,high,accepted
23982,50393.0,50393.0,0.5742496,0.05986725,0.51438236,1,1,985,2267,1,medium,accepted
23983,69213.0,,0.08921995,0.03950533,0.049714617,1,0,2,2332,0,low,score+margin+not_mutual
23984,50395.0,50395.0,0.42772767,0.065897375,0.3618303,1,1,128,209,1,medium,accepted
23985,50397.0,50397.0,0.45672336,0.061913185,0.3948102,1,1,416,658,1,medium,accepted
23987,628333.0,628333.0,0.9427024,0.15528741,0.787415,1,1,9769,8912,1,high,accepted
23988,50030.0,50030.0,0.93404824,0.12503271,0.8090155,1,1,7139,7449,1,high,accepted
23991,50036.0,50036.0,0.5092483,0.09583727,0.41341105,1,1,684,2246,1,medium,accepted
24011,51154.0,51154.0,0.9748691,0.21208963,0.7627795,1,1,1138,1087,1,high,accepted
24012,51163.0,51163.0,0.9406733,0.11726337,0.8234099,1,1,975,848,1,high,accepted
24013,51110.0,51110.0,0.88071644,0.12747954,0.7532369,1,1,1803,1637,1,high,accepted
24015,51104.0,51104.0,0.8291562,0.029854072,0.7993021,1,1,28,42,1,high,accepted
24017,51109.0,51109.0,1.0,0.09935133,0.90064865,1,1,303,303,1,high,accepted
24018,51111.0,51111.0,0.6901155,0.08692519,0.6031903,1,1,2265,2936,1,high,accepted
24020,51143.0,51143.0,0.94675213,0.12298436,0.8237678,1,1,3126,2817,1,high,accepted
24021,605498.0,605498.0,0.9185425,0.12243717,0.7961054,1,1,1966,1882,1,high,accepted
24026,51058.0,51058.0,0.59063137,0.1334806,0.45715076,1,1,606,2032,1,medium,accepted
24027,51060.0,51060.0,0.25891098,0.113929935,0.14498104,1,1,174,1753,1,medium,accepted
24028,51097.0,51097.0,0.56049466,0.051865637,0.508629,1,1,764,2452,1,medium,accepted
24036,51597.0,51597.0,0.30756235,0.092824,0.21473834,1,1,30,252,1,medium,accepted
24038,51516.0,51516.0,0.8484037,0.091716126,0.7566876,1,1,4375,4932,1,high,accepted
24039,51586.0,51586.0,0.35028777,0.12320583,0.22708192,1,1,292,1956,1,medium,accepted
24042,51594.0,51594.0,0.5160209,0.082890026,0.43313086,1,1,589,1620,1,medium,accepted
24043,575070.0,575070.0,0.9818737,0.12091755,0.86095613,1,1,2728,2634,1,high,accepted
24044,51526.0,51526.0,0.73463243,0.10960787,0.62502456,1,1,700,853,1,high,accepted
24045,54843.0,,0.19659612,0.1015496,0.09504651,1,0,121,955,0,low,score+not_mutual
24047,51546.0,51546.0,0.4510094,0.12905464,0.32195476,1,1,472,1490,1,medium,accepted
24048,51564.0,,0.12798278,0.12780766,0.00017511836,1,1,75,367,0,low,score+margin
24051,51867.0,51867.0,0.68194485,0.11280456,0.5691403,1,1,752,1673,1,high,accepted
24052,592499.0,592499.0,0.9971014,0.13281704,0.8642844,1,1,215,215,1,high,accepted
24053,521655.0,521655.0,0.9036373,0.1427555,0.7608818,1,1,5295,5080,1,high,accepted
24055,51897.0,51897.0,0.7159188,0.1066013,0.6093175,1,1,1812,2607,1,high,accepted
24056,51895.0,51895.0,0.8833618,0.062246542,0.82111526,1,1,2502,2721,1,high,accepted
24059,51809.0,51809.0,0.69501287,0.061575472,0.6334374,1,1,618,1083,1,high,accepted
24063,51454.0,51454.0,0.9121719,0.12794112,0.78423077,1,1,4020,4235,1,high,accepted
24064,51460.0,51460.0,0.5326571,0.09148493,0.44117215,1,1,676,2442,1,medium,accepted
24065,51462.0,51462.0,0.26153857,0.09895943,0.16257912,1,1,189,2752,1,medium,accepted
24069,51408.0,,0.18413518,0.13114582,0.052989364,1,1,55,1371,0,low,score
24073,51411.0,51411.0,0.22512186,0.11005007,0.11507179,1,1,25,465,1,medium,accepted
24076,51948.0,51948.0,0.66248834,0.11993444,0.5425539,1,1,2550,4719,1,high,accepted
24078,51994.0,51994.0,0.6740655,0.06929661,0.6047689,1,1,1351,2348,1,high,accepted
24084,51901.0,51901.0,0.32081535,0.074729785,0.24608557,1,1,49,417,1,medium,accepted
24085,641149.0,641149.0,0.9828408,0.15238476,0.830456,1,1,3137,3224,1,high,accepted
24086,51359.0,51359.0,0.8156432,0.09033133,0.7253119,1,1,2427,3150,1,high,accepted
24088,51393.0,51393.0,0.6795777,0.07872159,0.6008561,1,1,838,1138,1,high,accepted
24089,51301.0,51301.0,0.9183005,0.07705457,0.8412459,1,1,2000,2023,1,high,accepted
24094,51306.0,51306.0,0.28244975,0.13216174,0.15028803,1,1,374,1065,1,medium,accepted
24097,595001.0,595001.0,1.0,0.10465142,0.8953486,1,1,180,180,1,high,accepted
24099,51230.0,51230.0,0.8064726,0.10207885,0.70439374,1,1,3048,4335,1,high,accepted
24100,51264.0,51264.0,0.92549753,0.10187357,0.82362396,1,1,4480,4907,1,high,accepted
24102,51294.0,51294.0,0.4677713,0.07726439,0.3905069,1,1,212,913,1,medium,accepted
24104,51296.0,51296.0,0.691945,0.08854535,0.60339963,1,1,86,166,1,high,accepted
24105,51297.0,51297.0,0.527682,0.067160375,0.4605216,1,1,175,632,1,medium,accepted
24107,51299.0,51299.0,0.3378953,0.10902085,0.22887444,1,1,76,566,1,medium,accepted
24109,664641.0,664641.0,0.9672659,0.15830861,0.80895734,1,1,3093,3281,1,high,accepted
24110,621141.0,621141.0,0.9960099,0.18597601,0.8100339,1,1,2019,2040,1,high,accepted
24112,51204.0,51204.0,0.43958613,0.11073866,0.3288475,1,1,286,1547,1,medium,accepted
24113,51202.0,51202.0,0.44373488,0.093352005,0.35038286,1,1,246,1322,1,medium,accepted
24115,51648.0,51648.0,0.68441266,0.11209224,0.5723204,1,1,7126,3367,1,high,accepted
24116,51645.0,51645.0,0.24386115,0.15995593,0.08390522,1,1,192,628,1,medium,accepted
24117,51665.0,51665.0,0.3056917,0.07114865,0.23454304,1,1,547,530,1,medium,accepted
24118,51668.0,51668.0,0.3829747,0.18750216,0.19547254,1,1,530,478,1,medium,accepted
24126,596043.0,596043.0,0.6486231,0.13574761,0.5128755,1,1,1977,844,1,high,accepted
24129,51715.0,51715.0,0.81003284,0.085704274,0.7243286,1,1,3552,5230,1,high,accepted
24131,51796.0,51796.0,0.4596022,0.118849166,0.34075302,1,1,145,708,1,medium,accepted
24133,51761.0,51761.0,0.65847474,0.103498414,0.55497634,1,1,971,2022,1,high,accepted
24135,51702.0,51702.0,0.4163013,0.08721609,0.3290852,1,1,108,558,1,medium,accepted
24136,51713.0,51713.0,0.7686279,0.061029423,0.70759845,1,1,1960,2916,1,high,accepted
24140,543001.0,543001.0,0.93772954,0.14264813,0.79508144,1,1,3330,2921,1,high,accepted
24146,543557.0,543557.0,0.9575936,0.14215124,0.8154424,1,1,1086,1006,1,high,accepted
24147,543208.0,543208.0,0.88899785,0.114889294,0.7741085,1,1,1286,1391,1,high,accepted
24151,649963.0,649963.0,0.362942,0.13840777,0.22453424,1,1,661,100,1,medium,accepted
24152,52149.0,52149.0,0.861748,0.09572756,0.7660204,1,1,1619,1368,1,high,accepted
24153,52140.0,52140.0,0.847893,0.06229441,0.7855986,1,1,267,217,1,high,accepted
24154,52163.0,52163.0,0.83462703,0.3562794,0.4783476,1,1,191,112,1,high,accepted
24156,52168.0,52168.0,0.93342763,0.09760736,0.83582026,1,1,82,102,1,high,accepted
24157,52119.0,52119.0,0.6740224,0.16761523,0.50640714,1,1,785,998,1,high,accepted
24161,52123.0,52123.0,0.82176775,0.06593101,0.7558367,1,1,357,261,1,high,accepted
24164,592644.0,592644.0,0.9543271,0.1706152,0.7837119,1,1,4550,4252,1,high,accepted
24165,52867.0,52867.0,0.32608148,0.13360724,0.19247425,1,1,158,728,1,medium,accepted
24166,52873.0,52873.0,0.49939892,0.14431548,0.35508344,1,1,812,3070,1,medium,accepted
24167,52844.0,52844.0,0.4292193,0.09681372,0.33240557,1,1,297,1353,1,medium,accepted
24168,52864.0,,0.10660288,0.02087269,0.08573019,1,1,43,596,0,low,score
24169,52868.0,52868.0,0.67105365,0.07329725,0.5977564,1,1,829,1637,1,high,accepted
24170,52895.0,52895.0,0.4110961,0.03983111,0.371265,1,1,58,215,1,medium,accepted
24172,69767.0,,0.07284088,0.06777364,0.0050672335,1,0,25,2146,0,low,score+margin+not_mutual
24173,52809.0,52809.0,0.3667461,0.069143675,0.29760242,1,1,367,992,1,medium,accepted
24178,52330.0,52330.0,0.6752179,0.096899174,0.5783187,1,1,1747,2904,1,high,accepted
24179,52394.0,52394.0,0.3708957,0.05341777,0.31747794,1,1,427,1918,1,medium,accepted
24181,52391.0,52391.0,0.82452524,0.3242704,0.50025487,1,1,86,135,1,high,accepted
24183,52395.0,52395.0,0.67704487,0.05003316,0.6270117,1,1,1004,1986,1,high,accepted
24184,52396.0,52396.0,0.35041374,0.0641806,0.28623313,1,1,65,532,1,medium,accepted
24185,52397.0,52397.0,0.7668001,0.06472197,0.70207816,1,1,1877,2446,1,high,accepted
24193,621169.0,621169.0,0.8937728,0.14014718,0.7536256,1,1,2369,2686,1,high,accepted
24197,52994.0,52994.0,0.516428,0.06329738,0.45313063,1,1,464,1371,1,medium,accepted
24198,52995.0,52995.0,0.24264984,0.14924082,0.09340901,1,1,87,1277,1,medium,accepted
24201,52902.0,52902.0,0.37998638,0.083138436,0.29684794,1,1,71,720,1,medium,accepted
24202,52901.0,,0.14052093,0.069507785,0.07101315,1,1,48,977,0,low,score
24203,52905.0,52905.0,0.37413105,0.12199306,0.252138,1,1,92,1324,1,medium,accepted
24205,52903.0,52903.0,0.6127503,0.057971258,0.554779,1,1,1032,1893,1,high,accepted
24209,52530.0,52530.0,0.7314024,0.100063786,0.6313386,1,1,1447,2668,1,high,accepted
24211,52558.0,52558.0,0.6743452,0.09915218,0.575193,1,1,966,1755,1,high,accepted
24213,52560.0,,0.19637752,0.074258335,0.12211918,1,1,47,567,0,low,score
24222,656212.0,656212.0,0.9597713,0.12381047,0.8359608,1,1,8098,7514,1,high,accepted
24223,642098.0,642098.0,0.9659412,0.15379639,0.81214476,1,1,1552,1475,1,high,accepted
24224,52204.0,52204.0,0.8528768,0.060346242,0.79253054,1,1,1924,2294,1,high,accepted
24226,52295.0,52295.0,0.53259194,0.13316543,0.3994265,1,1,433,1744,1,medium,accepted
24229,52203.0,52203.0,0.747545,0.13914557,0.60839945,1,1,105,198,1,high,accepted
24234,52206.0,52206.0,0.71846104,0.08077454,0.6376865,1,1,1501,2632,1,high,accepted
24237,476594.0,476594.0,0.94254774,0.14607601,0.7964717,1,1,2876,2553,1,high,accepted
24239,467100.0,467100.0,0.95219046,0.14976518,0.80242527,1,1,1046,958,1,high,accepted
24240,52701.0,52701.0,0.922171,0.13457371,0.7875973,1,1,4562,4354,1,high,accepted
24241,52731.0,52731.0,0.4529349,0.073308215,0.3796267,1,1,593,2050,1,medium,accepted
24244,52702.0,52702.0,0.31767765,0.24795176,0.06972588,1,1,85,723,1,medium,accepted
24246,52703.0,52703.0,0.24525876,0.10218482,0.14307395,1,1,37,284,1,medium,accepted
24247,52714.0,52714.0,0.43610403,0.08680004,0.349304,1,1,208,1185,1,medium,accepted
24248,52715.0,52715.0,0.5630695,0.123824224,0.43924528,1,1,359,1161,1,medium,accepted
24252,52060.0,52060.0,0.9424089,0.12108517,0.82132375,1,1,3420,3590,1,high,accepted
24253,52063.0,52063.0,0.5347674,0.109354764,0.42541263,1,1,188,661,1,medium,accepted
24254,52065.0,52065.0,0.2429827,0.08900862,0.15397407,1,1,14,133,1,medium,accepted
24258,52007.0,,0.14913258,0.12141297,0.027719613,1,1,19,652,0,low,score+margin
24259,52003.0,52003.0,0.43743756,0.09713424,0.3403033,1,1,122,644,1,medium,accepted
24262,52005.0,52005.0,0.2124108,0.13596511,0.076445684,1,1,39,820,1,medium,accepted
24265,52639.0,52639.0,0.6486183,0.07087255,0.57774574,1,1,2099,1284,1,high,accepted
24267,52659.0,52659.0,0.29053453,0.083441496,0.20709303,1,1,72,688,1,medium,accepted
24268,52661.0,52661.0,0.48513106,0.069037385,0.41609368,1,1,169,738,1,medium,accepted
24269,543594.0,543594.0,0.6827278,0.10052578,0.582202,1,1,1987,1027,1,high,accepted
24271,657122.0,657122.0,0.74369514,0.110302135,0.633393,1,1,862,582,1,high,accepted
24276,52440.0,52440.0,0.42622373,0.07267596,0.35354778,1,1,81,316,1,medium,accepted
24277,52460.0,52460.0,0.5055705,0.13041013,0.37516034,1,1,208,690,1,medium,accepted
24281,52417.0,52417.0,0.29757842,0.057639837,0.23993859,1,1,63,785,1,medium,accepted
24283,544150.0,544150.0,0.9369442,0.16741614,0.76952803,1,1,4840,4210,1,high,accepted
24286,52641.0,52641.0,0.5840535,0.13422787,0.4498256,1,1,2563,2212,1,medium,accepted
24293,52711.0,52711.0,0.27813393,0.05239522,0.22573872,1,1,17,290,1,medium,accepted
24300,605138.0,605138.0,0.9256599,0.13119979,0.79446006,1,1,6592,6999,1,high,accepted
24303,606162.0,606162.0,0.9293204,0.103462785,0.8258576,1,1,1164,970,1,high,accepted
24305,570240.0,570240.0,0.9850116,0.12406107,0.86095047,1,1,4799,4652,1,high,accepted
24306,623381.0,623381.0,0.6229224,0.13489187,0.48803055,1,1,2820,1144,1,high,accepted
24307,596049.0,596049.0,0.86911863,0.080755085,0.7883635,1,1,1178,1056,1,high,accepted
24310,663399.0,663399.0,0.9329005,0.094788775,0.8381117,1,1,4106,3574,1,high,accepted
24311,52560.0,,0.18115109,0.04645026,0.13470083,1,0,35,567,0,low,score+not_mutual
24313,571616.0,571616.0,0.99756527,0.09652008,0.9010452,1,1,743,743,1,high,accepted
24314,53919.0,53919.0,0.46453807,0.10286993,0.36166814,1,1,413,2213,1,medium,accepted
24317,53973.0,53973.0,0.5900969,0.14685506,0.44324186,1,1,291,949,1,medium,accepted
24319,53996.0,53996.0,0.7720986,0.06718381,0.70491475,1,1,1772,2515,1,high,accepted
24327,607200.0,607200.0,0.9498727,0.14773269,0.80213994,1,1,2904,2731,1,high,accepted
24328,53259.0,53259.0,0.74907833,0.14372627,0.60535204,1,1,1282,1839,1,high,accepted
24329,53262.0,53262.0,0.66464615,0.10079806,0.5638481,1,1,1161,2509,1,high,accepted
24333,53297.0,,0.16410998,0.15874596,0.0053640157,1,1,19,520,0,low,score+margin
24334,53298.0,53298.0,0.5186904,0.0983283,0.42036211,1,1,201,694,1,medium,accepted
24338,53203.0,53203.0,0.48741058,0.12911558,0.358295,1,1,56,220,1,medium,accepted
24339,53202.0,53202.0,0.47106913,0.06437902,0.4066901,1,1,86,401,1,medium,accepted
24340,668766.0,668766.0,0.8589209,0.1864725,0.6724484,1,1,175,244,1,high,accepted
24343,53164.0,53164.0,0.6540433,0.08956386,0.5644795,1,1,1125,2252,1,high,accepted
24344,53139.0,53139.0,0.98326325,0.072136365,0.91112685,1,1,1467,1428,1,high,accepted
24346,53101.0,53101.0,1.0,0.052195843,0.94780415,1,1,80,80,1,high,accepted
24349,53102.0,53102.0,0.86346614,0.0638778,0.7995884,1,1,271,227,1,high,accepted
24355,53754.0,53754.0,0.82825834,0.06909769,0.75916064,1,1,1361,2037,1,high,accepted
24358,53701.0,53701.0,0.42168,0.16590038,0.25577962,1,1,55,363,1,medium,accepted
24369,53711.0,53711.0,0.38861996,0.08111071,0.30750927,1,1,137,975,1,medium,accepted
24370,572143.0,572143.0,1.0,0.23362759,0.7663724,1,1,60,60,1,high,accepted
24373,53562.0,53562.0,0.391377,0.07749687,0.31388015,1,1,147,592,1,medium,accepted
24374,53540.0,53540.0,0.31180477,0.2129519,0.09885288,1,1,28,270,1,medium,accepted
24376,53594.0,53594.0,0.5260912,0.09386043,0.43223077,1,1,228,564,1,medium,accepted
24377,53560.0,53560.0,0.28511405,0.07240486,0.2127092,1,1,139,679,1,medium,accepted
24380,53596.0,53596.0,0.32283375,0.038190145,0.28464362,1,1,37,432,1,medium,accepted
24387,658431.0,658431.0,0.7766675,0.095367655,0.6812998,1,1,1003,572,1,high,accepted
24388,641312.0,641312.0,0.80003136,0.18746278,0.61256856,1,1,1312,773,1,high,accepted
24389,53613.0,53613.0,0.628443,0.12615952,0.5022835,1,1,3491,1821,1,high,accepted
24390,50662.0,,0.117375076,0.04794143,0.069433644,1,0,21,2287,0,low,score+not_mutual
24391,64596.0,,0.09264439,0.07449007,0.018154323,1,0,35,2920,0,low,score+margin+not_mutual
24392,53609.0,53609.0,0.56068695,0.05705169,0.5036353,1,1,1338,921,1,medium,accepted
24394,53615.0,53615.0,0.5898418,0.08871348,0.5011283,1,1,55,56,1,medium,accepted
24398,53312.0,53312.0,0.49017814,0.06424161,0.42593652,1,1,112,412,1,medium,accepted
24399,53300.0,53300.0,0.5013746,0.058191203,0.44318342,1,1,346,1295,1,medium,accepted
24401,53301.0,53301.0,0.5990775,0.0741693,0.52490824,1,1,360,759,1,medium,accepted
24410,642558.0,642558.0,0.9480189,0.1335849,0.81443405,1,1,5691,5123,1,high,accepted
24411,53455.0,53455.0,0.7140197,0.12920532,0.58481437,1,1,1224,2101,1,high,accepted
24412,53469.0,53469.0,0.34499872,0.09707441,0.24792431,1,1,84,636,1,medium,accepted
24420,53409.0,53409.0,0.35429725,0.20982139,0.14447586,1,1,85,665,1,medium,accepted
24423,642203.0,642203.0,0.8993421,0.16705169,0.73229045,1,1,1956,1792,1,high,accepted
24424,676641.0,676641.0,0.997798,0.16148339,0.8363147,1,1,815,819,1,high,accepted
24425,53029.0,53029.0,0.356521,0.09201946,0.26450154,1,1,199,1151,1,medium,accepted
24433,53005.0,,0.17882043,0.12231119,0.056509238,1,1,42,1044,0,low,score
24434,53006.0,53006.0,0.44713044,0.09038017,0.35675028,1,1,342,1931,1,medium,accepted
24440,668948.0,668948.0,0.99177414,0.118097,0.87367713,1,1,2246,2286,1,high,accepted
24444,53892.0,53892.0,0.9552997,0.08026913,0.8750306,1,1,2245,2151,1,high,accepted
24446,53897.0,53897.0,0.36315843,0.04414119,0.31901726,1,1,106,794,1,medium,accepted
24447,53898.0,53898.0,0.91154116,0.12212457,0.78941655,1,1,2785,2771,1,high,accepted
24449,53805.0,53805.0,0.38710088,0.049923595,0.33717728,1,1,33,157,1,medium,accepted
24450,53806.0,53806.0,0.38667738,0.10049647,0.2861809,1,1,60,429,1,medium,accepted
24451,53808.0,53808.0,0.44659376,0.010696564,0.4358972,1,1,18,97,1,medium,accepted
24452,53809.0,53809.0,0.49718562,0.12292797,0.37425762,1,1,167,838,1,medium,accepted
24459,645307.0,645307.0,0.96942955,0.14563711,0.82379246,1,1,3085,2892,1,high,accepted
24460,606273.0,606273.0,0.9372144,0.14805418,0.7891602,1,1,4162,4061,1,high,accepted
24461,641855.0,641855.0,0.99889517,0.108031,0.8908642,1,1,1089,1089,1,high,accepted
24463,532936.0,532936.0,0.7725035,0.12367184,0.64883167,1,1,1071,647,1,high,accepted
24465,658792.0,658792.0,0.9708334,0.14627908,0.8245544,1,1,4420,4120,1,high,accepted
24467,668684.0,668684.0,0.8749472,0.094253026,0.7806941,1,1,1012,1265,1,high,accepted
24469,54561.0,54561.0,0.97190374,0.08182835,0.8900754,1,1,619,586,1,high,accepted
24477,54610.0,,0.10688188,0.08497876,0.02190312,1,0,32,289,0,low,score+margin+not_mutual
24478,54504.0,54504.0,0.5500491,0.15028676,0.39976236,1,1,78,289,1,medium,accepted
24482,54537.0,54537.0,0.6514237,0.2378138,0.4136099,1,1,425,1065,1,high,accepted
24483,608650.0,608650.0,0.93566185,0.19306128,0.7426006,1,1,2906,2859,1,high,accepted
24484,683412.0,683412.0,0.8235729,0.1415901,0.68198276,1,1,857,764,1,high,accepted
24485,54149.0,54149.0,0.98562163,0.11069472,0.8749269,1,1,837,813,1,high,accepted
24486,54103.0,54103.0,1.0,0.13420577,0.86579424,1,1,142,142,1,high,accepted
24487,54104.0,54104.0,0.8096363,0.11319243,0.69644386,1,1,363,306,1,high,accepted
24488,54105.0,54105.0,0.9180561,0.08414014,0.8339159,1,1,856,762,1,high,accepted
24494,667498.0,667498.0,1.0,0.11720174,0.88279825,1,1,457,457,1,high,accepted
24498,54802.0,54802.0,0.3346623,0.17519611,0.15946618,1,1,107,934,1,medium,accepted
24499,54803.0,54803.0,0.49691853,0.12547702,0.3714415,1,1,246,1021,1,medium,accepted
24502,54807.0,54807.0,0.49956805,0.15447839,0.34508964,1,1,181,643,1,medium,accepted
24508,641447.0,641447.0,0.94723696,0.203198,0.74403894,1,1,1783,1583,1,high,accepted
24509,606996.0,606996.0,0.9641744,0.12704276,0.8371316,1,1,2465,2276,1,high,accepted
24512,54900.0,54900.0,0.61382806,0.13495661,0.47887146,1,1,750,1284,1,high,accepted
24515,54903.0,54903.0,0.5513834,0.10867895,0.44270444,1,1,155,542,1,medium,accepted
24516,54904.0,54904.0,0.4387908,0.09050608,0.34828472,1,1,132,437,1,medium,accepted
24518,54906.0,54906.0,0.40374956,0.14870813,0.25504142,1,1,87,432,1,medium,accepted
24525,54913.0,54913.0,0.38586265,0.1099439,0.27591875,1,1,112,391,1,medium,accepted
24527,54263.0,54263.0,0.90079623,0.10046363,0.8003326,1,1,1238,1185,1,high,accepted
24531,54213.0,54213.0,0.46241733,0.06845647,0.39396086,1,1,119,504,1,medium,accepted
24533,54215.0,54215.0,0.5634839,0.0792374,0.48424652,1,1,137,525,1,medium,accepted
24535,54217.0,54217.0,0.39304587,0.132956,0.26008984,1,1,45,382,1,medium,accepted
24537,54404.0,54404.0,0.55729157,0.16496296,0.39232862,1,1,355,956,1,medium,accepted
24540,660593.0,660593.0,0.93027353,0.14366095,0.7866126,1,1,2429,2306,1,high,accepted
24541,657756.0,657756.0,0.96485,0.15465939,0.8101906,1,1,2604,2458,1,high,accepted
24544,54729.0,54729.0,0.91157115,0.14147818,0.77009296,1,1,1412,1448,1,high,accepted
24546,54768.0,54768.0,0.7684575,0.09607492,0.6723826,1,1,882,1465,1,high,accepted
24552,54705.0,54705.0,0.23053779,0.122406505,0.108131275,1,1,85,917,1,medium,accepted
24557,54701.0,54701.0,0.23823677,0.08598989,0.15224688,1,1,13,202,1,medium,accepted
24559,640444.0,640444.0,0.72113675,0.17915006,0.5419867,1,1,710,358,1,high,accepted
24560,664942.0,664942.0,0.77015245,0.1656753,0.60447717,1,1,2398,1378,1,high,accepted
24564,65522.0,,0.111041315,0.078904256,0.032137062,1,0,33,1947,0,low,score+margin+not_mutual
24565,54645.0,54645.0,0.32731467,0.11116259,0.21615209,1,1,50,75,1,medium,accepted
24566,54608.0,54608.0,0.4756912,0.13144888,0.34424233,1,1,106,269,1,medium,accepted
24568,54319.0,54319.0,0.7674001,0.10733526,0.6600649,1,1,1311,1700,1,high,accepted
24570,646241.0,646241.0,0.9801178,0.19076501,0.7893528,1,1,2832,2735,1,high,accepted
24571,54362.0,54362.0,0.7604618,0.1031608,0.657301,1,1,675,1102,1,high,accepted
24572,54363.0,54363.0,0.6482436,0.112770535,0.5354731,1,1,348,777,1,high,accepted
24573,54368.0,54368.0,0.7918709,0.16964835,0.62222254,1,1,597,805,1,high,accepted
24577,54302.0,54302.0,0.43656412,0.06098629,0.37557784,1,1,94,476,1,medium,accepted
24579,54304.0,54304.0,0.6281205,0.18676837,0.4413521,1,1,220,360,1,high,accepted
24580,54350.0,54350.0,0.437874,0.062634304,0.3752397,1,1,99,543,1,medium,accepted
24585,54094.0,,0.1594402,0.10502101,0.0544192,1,0,20,161,0,low,score+not_mutual
24587,54502.0,54502.0,0.33287132,0.15222348,0.18064785,1,1,20,185,1,medium,accepted
24591,54406.0,54406.0,0.44161153,0.12797298,0.31363857,1,1,31,139,1,medium,accepted
24596,54467.0,,0.14432159,0.123007685,0.021313906,1,1,125,515,0,low,score+margin
24597,54403.0,,0.18445505,0.10380763,0.08064743,1,1,19,428,0,low,score
24598,54064.0,,0.1309765,0.107500724,0.023475766,1,0,69,811,0,low,score+margin+not_mutual
24602,54610.0,,0.11628402,0.052999895,0.06328413,1,0,41,289,0,low,score+not_mutual
24604,547943.0,547943.0,0.96678585,0.1905869,0.776199,1,1,2599,2394,1,high,accepted
24605,54221.0,54221.0,0.74535596,0.093441114,0.6519149,1,1,24,44,1,high,accepted
24607,54063.0,54063.0,0.8288154,0.15935855,0.6694569,1,1,1248,1597,1,high,accepted
24608,54064.0,54064.0,0.88675505,0.18767686,0.6990782,1,1,766,811,1,high,accepted
24609,54094.0,54094.0,0.45758745,0.09777309,0.35981438,1,1,36,161,1,medium,accepted
24618,54013.0,54013.0,0.3385016,0.106719,0.2317826,1,1,9,54,1,medium,accepted
24619,623454.0,623454.0,0.98825586,0.16673534,0.8215205,1,1,2029,1983,1,high,accepted
24621,54014.0,,0.18382666,0.12598816,0.0578385,1,1,27,483,0,low,score
24622,54843.0,54843.0,0.9540987,0.14307608,0.81102264,1,1,1053,955,1,high,accepted
24623,642545.0,642545.0,0.9461313,0.15201123,0.7941201,1,1,1602,1410,1,high,accepted
24624,682027.0,682027.0,0.7734143,0.24674177,0.52667254,1,1,748,449,1,high,accepted
24625,54616.0,54616.0,0.26854932,0.08271398,0.18583536,1,1,97,308,1,medium,accepted
24626,680802.0,680802.0,0.97732025,0.14976247,0.8275578,1,1,1463,1371,1,high,accepted
24627,666364.0,666364.0,0.88668615,0.14324,0.7434462,1,1,1067,932,1,high,accepted
24629,622694.0,622694.0,0.8494112,0.12674768,0.7226635,1,1,792,878,1,high,accepted
24631,641778.0,641778.0,0.57760704,0.13878746,0.43881956,1,1,608,197,1,medium,accepted
24633,657770.0,657770.0,0.6387908,0.094366826,0.544424,1,1,327,136,1,high,accepted
